{
    "now": "2023-08-23T09:18:11.953Z",
    "perfNow": 2333353.399999991,
    "diagnosticCorrelation": "0bf66acf-c076-44e9-9769-9e6557c9c297",
    "source": "DownloadSupportFiles",
    "environment": {
        "productName": "adf",
        "buildVersion": "1.0.081823.5",
        "environmentType": 3,
        "resourceName": "tokyo-olympic-project-df",
        "resourceRegion": "centralindia",
        "resourceGroup": "tokyo-olympic-rs",
        "subscriptionId": "efa873fd-aa4c-4be0-8f74-48282225ed4c",
        "sessionId": "TM2l9+nCeDdyq+8VBOC0/p",
        "operationId": "",
        "gitType": "live",
        "loggingKey": "e65b212e-cec1-4988-86b3-8c5346227d32"
    },
    "additionalInfo": {
        "selectedResource": "Extracting-Data-From-Github-to-ADLSGen2",
        "selectedResourceType": "pipeline"
    }
}