{
    "name": "MedalsADLSGen2DataSet",
    "properties": {
        "linkedServiceName": {
            "referenceName": "ADLSGen2CommonLinkedServiceSink",
            "type": "LinkedServiceReference"
        },
        "annotations": [],
        "type": "DelimitedText",
        "typeProperties": {
            "location": {
                "type": "AzureBlobFSLocation",
                "fileName": "medals.csv",
                "folderPath": "rawData",
                "fileSystem": "tokyoolympicsdatasets"
            },
            "columnDelimiter": ",",
            "escapeChar": "\\",
            "firstRowAsHeader": true,
            "quoteChar": "\""
        },
        "schema": []
    }
}